interval_id,interval_start_step_idx,interval_end_step_idx,interval_t_start_sec,interval_n_steps,L_e_pendulum_angle,L_e_cart_position,L_edot_pendulum_angle,L_edot_cart_position,L_delta_u_pendulum_angle,L_delta_u_cart_position,principal_gate_L_edot_pendulum_angle,principal_gate_L_edot_cart_position,principal_gate_L_delta_u_pendulum_angle,principal_gate_L_delta_u_cart_position,principal_contribution_L_edot_pendulum_angle,principal_contribution_L_edot_cart_position,principal_contribution_L_delta_u_pendulum_angle,principal_contribution_L_delta_u_cart_position,error_pendulum_angle_mean_squared,error_cart_position_mean_squared,derivative_error_pendulum_angle_mean_squared,derivative_error_cart_position_mean_squared,delta_u_eff_pendulum_angle_mean_squared,delta_u_eff_cart_position_mean_squared,integral_error_pendulum_angle_mean_squared,integral_error_cart_position_mean_squared,action_kp_pendulum_angle,action_ki_pendulum_angle,action_kd_pendulum_angle,action_kp_cart_position,action_ki_cart_position,action_kd_cart_position,global_interval_reward,reward_kp_pendulum_angle,reward_ki_pendulum_angle,reward_kd_pendulum_angle,reward_kp_cart_position,reward_ki_cart_position,reward_kd_cart_position,extra_penalty_instantaneous_pendulum_angle,extra_penalty_instantaneous_cart_position,extra_penalty_pendulum_angle,extra_penalty_cart_position,extra_bonus_goal_pendulum_angle,extra_bonus_goal_cart_position,extra_bonus_band_pendulum_angle,extra_bonus_band_cart_position,extra_conditional_dynamic_penalty_pendulum_angle,extra_conditional_dynamic_penalty_cart_position,extra_conditional_dynamic_incentive_pendulum_angle,extra_conditional_dynamic_incentive_cart_position,extra_conditional_dynamic_incentive_tracking_pendulum_angle,extra_conditional_dynamic_incentive_tracking_cart_position,extra_conditional_dynamic_incentive_capture_pendulum_angle,extra_conditional_dynamic_incentive_capture_cart_position,extra_conditional_dynamic_incentive_direction_pendulum_angle,extra_conditional_dynamic_incentive_direction_cart_position,extra_conditional_dynamic_incentive_effort_pendulum_angle,extra_conditional_dynamic_incentive_effort_cart_position,extra_total_pendulum_angle,extra_total_cart_position,assigned_reward_pendulum_angle,principal_loop_pendulum_angle,assigned_reward_cart_position,principal_loop_cart_position,mean_abs_error_pendulum_angle,mean_abs_control_action_pendulum_angle,mean_abs_error_cart_position,mean_abs_control_action_cart_position,principal_total_rebuilt,extras_total_rebuilt,global_reward_rebuilt
0.0,0.0,19.0,0.0,20.0,0.1499475967968164,1.9158901448326072e-05,0.002737733448671196,0.003061528811976881,0.0016218090453527783,4.946312500844595e-08,0.029802320215288947,0.4,,,-2.814491985920496e-08,-4.7239313183311544e-07,,,,,,,0.0016218090453527783,4.946312500844595e-08,,,2.0,2.0,0.0,2.0,2.0,1.0,-0.11695400133805463,-0.11695346425948362,-0.11695346425948362,-0.11695346425948362,-5.370785709969961e-07,-5.370785709969961e-07,-5.370785709969961e-07,0.0,0.0,0.0,0.0,0.0,0.0,0.0,0.0,0.0,0.0,0.005421546806049249,0.0,0.0,0.0,0.005421546806049249,0.0,0.0,0.0,0.0,0.0,0.010843093612098498,0.0,-0.11695346425948362,-0.12779655787158212,-5.370785709969961e-07,-5.370785709969961e-07,0.1424479338927159,0.1751502304801354,1.2027880594156493e-05,0.0018669068807622862,-0.12779709495015312,0.010843093612098498,-0.11695400133805463
1.0,20.0,39.0,0.02,20.0,0.1500812759274739,0.00011492360644150117,0.005914264015675533,0.009148677117894874,4.39867836289689e-05,8.315953701488917e-08,0.029616138659418617,0.4,,,-1.3052290270772866e-07,-4.218076218398093e-06,,,,,,,4.39867836289689e-05,8.315953701488917e-08,,,2.0,2.0,0.0,2.0,0.0,1.0,-0.11607373837785226,-0.11606891364565436,-0.11606891364565436,-0.11606891364565436,-4.824732197917403e-06,-4.824732197917403e-06,-4.824732197917403e-06,0.0,0.0,0.0,0.0,0.0,0.0,0.0,0.0,0.0,0.0,0.006509712779271669,0.0,0.0,0.0,0.006509712779271669,0.0,0.0,0.0,0.0,0.0,0.013019425558543338,0.0,-0.11606891364565436,-0.1290883392041977,-4.824732197917403e-06,-4.824732197917403e-06,0.15007243347232677,0.22004211993159326,9.977104340034293e-05,0.007000185226444644,-0.12909316393639564,0.013019425558543338,-0.1160737383778523
2.0,40.0,59.0,0.04,20.0,0.1502731463930098,0.0003211873486044068,0.006377826633226834,0.016679438617517722,4.359754140325109e-05,2.239662603618178e-07,0.029350655624304448,0.4,,,-1.5042425610300818e-07,-1.4017954943986945e-05,,,,,,,4.359754140325109e-05,2.239662603618178e-07,,,2.0,2.0,0.0,1.0,2.0,0.0,-0.11536238290954154,-0.11534691371690192,-0.11534691371690192,-0.11534691371690192,-1.546919263961011e-05,-1.546919263961011e-05,-1.546919263961011e-05,0.0,0.0,0.0,0.0,0.0,0.0,0.0,0.0,0.0,0.0,0.007523732487378051,0.0,0.0,0.0,0.007523732487378051,0.0,0.0,0.0,0.0,0.0,0.015047464974756102,0.0,-0.11534691371690192,-0.130394378691658,-1.546919263961011e-05,-1.546919263961011e-05,0.15026358315421073,0.2546965325979694,0.0002985493195615918,0.010826373531368307,-0.13040984788429763,0.015047464974756102,-0.11536238290954152
3.0,60.0,79.0,0.06,20.0,0.15046252905582838,0.00065138103759345,0.0068650898605472225,0.02419388201777106,4.994784843377128e-05,7.419172989495302e-07,0.02909062049433656,0.4,,,-1.7274184797211174e-07,-2.9485797798204598e-05,,,,,,,4.994784843377128e-05,7.419172989495302e-07,,,0.0,1.0,0.0,1.0,0.0,2.0,-0.11641690203359996,-0.11638247884568043,-0.11638247884568043,-0.11638247884568043,-3.4423187919544636e-05,-3.4423187919544636e-05,-3.4423187919544636e-05,0.0,0.0,0.0,0.0,0.0,0.0,0.0,0.0,0.0,0.0,0.0067750932785221,0.0,0.0,0.0,0.0067750932785221,0.0,0.0,0.0,0.0,0.0,0.0135501865570442,0.0,-0.11638247884568043,-0.12993266540272463,-3.4423187919544636e-05,-3.4423187919544636e-05,0.15045227261712474,0.23093652520034555,0.0006223708757410407,0.019735744167364584,-0.12996708859064418,0.0135501865570442,-0.11641690203359999
4.0,80.0,99.0,0.08,20.0,0.1506910729682425,0.0010977569539700536,0.007847716059828567,0.03159412339125405,5.3990518165115846e-05,1.263181369906088e-07,0.028779450594263775,0.4,,,-2.2331378616843094e-07,-5.026353833085074e-05,,,,,,,5.3990518165115846e-05,1.263181369906088e-07,,,2.0,1.0,2.0,1.0,0.0,1.0,-0.1156707594929343,-0.11561117475090435,-0.11561117475090435,-0.11561117475090435,-5.95847420299549e-05,-5.95847420299549e-05,-5.95847420299549e-05,0.0,0.0,0.0,0.0,0.0,0.0,0.0,0.0,0.0,0.0,0.007894825633106728,0.0,0.0,0.0,0.007894825633106728,0.0,0.0,0.0,0.0,0.0,0.015789651266213456,0.0,-0.11561117475090435,-0.1314008260171178,-5.95847420299549e-05,-5.95847420299549e-05,0.15067928962292315,0.26569620994773074,0.0010627498410565983,0.02640040117684731,-0.13146041075914777,0.015789651266213456,-0.11567075949293432
5.0,100.0,119.0,0.1,20.0,0.15090453575544452,0.0016726780314998129,0.006132003485180413,0.04011190263858159,3.966315020989486e-05,1.6515210915131767e-07,0.02849140104558565,0.4,,,-1.3498155907012223e-07,-8.097450934230111e-05,,,,,,,3.966315020989486e-05,1.6515210915131767e-07,,,2.0,1.0,0.0,1.0,2.0,1.0,-0.11507748700507281,-0.11497993837681894,-0.11497993837681894,-0.11497993837681894,-9.754862825386691e-05,-9.754862825386691e-05,-9.754862825386691e-05,0.0,0.0,0.0,0.0,0.0,0.0,0.0,0.0,0.0,0.0,0.008851689571107123,0.0,0.0,0.0,0.008851689571107123,0.0,0.0,0.0,0.0,0.0,0.017703379142214246,0.0,-0.11497993837681894,-0.13268331751903317,-9.754862825386691e-05,-9.754862825386691e-05,0.1508954281483343,0.29842059229153584,0.0016303082301017623,0.034002094691277934,-0.13278086614728704,0.017703379142214246,-0.1150774870050728
6.0,120.0,139.0,0.12000000000000001,20.0,0.15102522877331748,0.0023925012640469956,0.0024124158344008195,0.049641515642657036,5.039885608569044e-05,2.1122607282133467e-07,0.028329635478735786,0.4,,,-2.0773687661823166e-08,-0.00012392466602871146,,,,,,,5.039885608569044e-05,2.1122607282133467e-07,,,2.0,1.0,2.0,1.0,2.0,1.0,-0.11432037618575915,-0.11416851971217876,-0.11416851971217876,-0.11416851971217876,-0.00015185647358037507,-0.00015185647358037507,-0.00015185647358037507,0.0,0.0,0.0,0.0,0.0,0.0,0.0,0.0,0.0,0.0,0.009847825894357,0.0,0.0,0.0,0.009847825894357,0.0,0.0,0.0,0.0,0.0,0.019695651788714,0.0,-0.11416851971217876,-0.13386417150089275,-0.00015185647358037507,-0.00015185647358037507,0.15102257723148577,0.33286242856747433,0.0023417885034032193,0.042639709094658154,-0.13401602797447312,0.019695651788714,-0.11432037618575913
7.0,140.0,159.0,0.14,20.0,0.15097831069318757,0.0032730986271941654,0.005449594491027009,0.0601295275531585,4.692636529214258e-05,2.563558980897886e-07,0.028392426005255614,0.4,,,-1.0624042866997074e-07,-0.00018163255407640036,,,,,,,4.692636529214258e-05,2.563558980897886e-07,,,2.0,1.0,0.0,1.0,0.0,1.0,-0.11342406997574161,-0.11319749267959126,-0.11319749267959126,-0.11319749267959126,-0.0002265772961503562,-0.0002265772961503562,-0.0002265772961503562,0.0,0.0,0.0,0.0,0.0,0.0,0.0,0.0,0.0,0.0,0.010748559624805183,0.0,0.0,0.0,0.010748559624805183,0.0,0.0,0.0,0.0,0.0,0.021497119249610366,0.0,-0.11319749267959126,-0.13469461192920162,-0.0002265772961503562,-0.0002265772961503562,0.1509857138556403,0.3652833619952444,0.0032132042259808815,0.052253193973180956,-0.13492118922535198,0.021497119249610366,-0.11342406997574161
8.0,160.0,179.0,0.16,20.0,0.15069621086157875,0.004328686439359354,0.014008858049082246,0.071432759199654,3.797009506165525e-05,3.0449379751578844e-07,0.028772488177836304,0.4,,,-7.113391807369473e-07,-0.0002559955825806535,,,,,,,3.797009506165525e-05,3.0449379751578844e-07,,,2.0,1.0,2.0,1.0,2.0,1.0,-0.11238117167286775,-0.11205554135849273,-0.11205554135849273,-0.11205554135849273,-0.00032563031437503396,-0.00032563031437503396,-0.00032563031437503396,0.0,0.0,0.0,0.0,0.0,0.0,0.0,0.0,0.0,0.0,0.011462861268064006,0.0,0.0,0.0,0.011462861268064006,0.0,0.0,0.0,0.0,0.0,0.022925722536128013,0.0,-0.11205554135849273,-0.13498126389462073,-0.00032563031437503396,-0.00032563031437503396,0.15071674795512566,0.39322616549445233,0.004258960046998573,0.06285262616007906,-0.13530689420899578,0.022925722536128013,-0.11238117167286776
9.0,180.0,199.0,0.18,20.0,0.15012083418038497,0.005571337563930975,0.02474601975223918,0.0835087243338878,6.33948806443231e-05,3.5669490861293916e-07,0.029561235613311986,0.4,,,-2.279630758977359e-06,-0.0003492780619301188,,,,,,,6.33948806443231e-05,3.5669490861293916e-07,,,2.0,1.0,0.0,1.0,0.0,1.0,-0.11081319897827954,-0.11035973103040801,-0.11035973103040801,-0.11035973103040801,-0.00045346794787150973,-0.00045346794787150973,-0.00045346794787150973,0.0,0.0,0.0,0.0,0.0,0.0,0.0,0.0,0.0,0.0,0.012287921511923577,0.0,0.0,0.0,0.012287921511923577,0.0,0.0,0.0,0.0,0.0,0.024575843023847153,0.0,-0.11035973103040801,-0.13493557405425516,-0.00045346794787150973,-0.00045346794787150973,0.15015742692160036,0.4271054916289113,0.005491176918734497,0.07425991039695365,-0.13538904200212667,0.024575843023847153,-0.11081319897827951
10.0,200.0,219.0,0.19999999999999998,20.0,0.14919209777687115,0.007013259053663188,0.03710860612629275,0.09619471801540605,2.1421943293289745e-05,3.9863516816043913e-07,0.030873515424604207,0.4,,,-5.350172477215417e-06,-0.0004625100442068915,,,,,,,2.1421943293289745e-05,3.9863516816043913e-07,,,2.0,1.0,2.0,1.0,2.0,1.0,-0.10929042246581702,-0.10867622946587359,-0.10867622946587359,-0.10867622946587359,-0.000614192999943423,-0.000614192999943423,-0.000614192999943423,0.0,0.0,0.0,0.0,0.0,0.0,0.0,0.0,0.0,0.0,0.01257016585090362,0.0,0.0,0.0,0.01257016585090362,0.0,0.0,0.0,0.0,0.0,0.02514033170180724,0.0,-0.10867622946587359,-0.13381656116768081,-0.000614192999943423,-0.000614192999943423,0.1492471351407337,0.44551064049898415,0.006922226989335078,0.08661573805338049,-0.13443075416762423,0.02514033170180724,-0.109290422465817
11.0,220.0,239.0,0.21999999999999997,20.0,0.14786861090153064,0.008662482684066077,0.051381575498875086,0.10955670380387515,0.00012060412453826017,4.697685908731047e-07,0.03282955994681308,0.4,,,-1.089479189697295e-05,-0.0005984466950705612,,,,,,,0.00012060412453826017,4.697685908731047e-07,,,2.0,2.0,0.0,1.0,0.0,1.0,-0.10663744647019278,-0.10582400059135955,-0.10582400059135955,-0.10582400059135955,-0.0008134458788332392,-0.0008134458788332392,-0.0008134458788332392,0.0,0.0,0.0,0.0,0.0,0.0,0.0,0.0,0.0,0.0,0.01343883097962115,0.0,0.0,0.0,0.01343883097962115,0.0,0.0,0.0,0.0,0.0,0.0268776619592423,0.0,-0.10582400059135955,-0.13270166255060184,-0.0008134458788332392,-0.0008134458788332392,0.1479446920692119,0.48835048895911576,0.008560060927720537,0.09962235779197577,-0.1335151084294351,0.0268776619592423,-0.1066374464701928
12.0,240.0,259.0,0.23999999999999996,20.0,0.14607976808947903,0.010532836215173336,0.0674876492290316,0.12358155932542952,1.7468925868598867e-05,5.152352552403388e-07,0.035640757824456366,0.4,,,-2.0369814102017032e-05,-0.0007592452877932275,,,,,,,1.7468925868598867e-05,5.152352552403388e-07,,,2.0,2.0,2.0,1.0,2.0,1.0,-0.10431488350982986,-0.10325650049917812,-0.10325650049917812,-0.10325650049917812,-0.0010583830106517431,-0.0010583830106517431,-0.0010583830106517431,0.0,0.0,0.0,0.0,0.0,0.0,0.0,0.0,0.0,0.0,0.01334573299493399,0.0,0.0,0.0,0.01334573299493399,0.0,0.0,0.0,0.0,0.0,0.02669146598986798,0.0,-0.10325650049917812,-0.1299479664890461,-0.0010583830106517431,-0.0010583830106517431,0.14617957914720953,0.5017853124546597,0.010418506517866744,0.11378763510655462,-0.13100634949969786,0.02669146598986798,-0.10431488350982988
13.0,260.0,279.0,0.25999999999999995,20.0,0.14379228914356923,0.012629815222533699,0.08504470829158967,0.1380586954807593,0.00013103413059441105,5.782543095204809e-07,0.03953140922985926,0.4,,,-3.579179908260566e-05,-0.0009443422047523359,,,,,,,0.00013103413059441105,5.782543095204809e-07,,,2.0,1.0,0.0,1.0,0.0,1.0,-0.10075357047524204,-0.09940233338810728,-0.09940233338810728,-0.09940233338810728,-0.0013512370871347427,-0.0013512370871347427,-0.0013512370871347427,0.0,0.0,0.0,0.0,0.0,0.0,0.0,0.0,0.0,0.0,0.01383825869776473,0.0,0.0,0.0,0.01383825869776473,0.0,0.0,0.0,0.0,0.0,0.02767651739552946,0.0,-0.09940233338810728,-0.12707885078363673,-0.0013512370871347427,-0.0013512370871347427,0.1439176842057634,0.5422462959579712,0.012503277505763655,0.1283314762581657,-0.12843008787077148,0.02767651739552946,-0.10075357047524203
14.0,280.0,299.0,0.27999999999999997,20.0,0.14095402268536145,0.014962436119114807,0.10324967739317537,0.1526729017467608,6.030094686286315e-07,5.880194395100484e-07,0.04485228676266247,0.4,,,-5.967224674221689e-05,-0.0011504708817644583,,,,,,,6.030094686286315e-07,5.880194395100484e-07,,,2.0,1.0,2.0,1.0,2.0,1.0,-0.09789263196871201,-0.09619752966467296,-0.09619752966467296,-0.09619752966467296,-0.001695102304039057,-0.001695102304039057,-0.001695102304039057,0.0,0.0,0.0,0.0,0.0,0.0,0.0,0.0,0.0,0.0,0.012927763016455873,0.0,0.0,0.0,0.012927763016455873,0.0,0.0,0.0,0.0,0.0,0.025855526032911746,0.0,-0.09619752966467296,-0.1220530556975847,-0.001695102304039057,-0.001695102304039057,0.1411058710736819,0.5329725396763227,0.014823684967243834,0.14383261372564643,-0.12374815800162377,0.025855526032911746,-0.09789263196871202
15.0,300.0,319.0,0.3,20.0,0.13756532501058644,0.017528328625151572,0.12309465460476259,0.167746959342555,0.00018425648346987304,3.210610573253375e-05,0.05197932875777763,0.4,,,-9.789726504042207e-05,-0.0013828902175426364,,,,,,,0.00018425648346987304,3.210610573253375e-05,,,2.0,1.0,0.0,1.0,0.0,0.0,-0.09319196783509218,-0.09117460307488232,-0.09117460307488232,-0.09117460307488232,-0.0020173647602098606,-0.0020173647602098606,-0.0020173647602098606,0.0,0.0,0.0,0.0,0.0,0.0,0.0,0.0,0.0,0.0,0.01313632696086869,0.0,0.0,0.0,0.01313632696086869,0.0,0.0,0.0,0.0,0.0,0.02627265392173738,0.0,-0.09117460307488232,-0.1174472569966197,-0.0020173647602098606,-0.0020173647602098606,0.13774554046894422,0.5757891155342955,0.01737701917200104,0.13403798438513567,-0.11946462175682956,0.02627265392173738,-0.09319196783509218
16.0,320.0,339.0,0.32,20.0,0.13354531489273447,0.02034155209348633,0.1431347208020806,0.18273093382611733,1.1210968095246362e-05,4.34126059072072e-05,0.06162933131669761,0.4,,,-0.0001561941391441812,-0.0016333108016578918,,,,,,,1.1210968095246362e-05,4.34126059072072e-05,,,2.0,1.0,2.0,1.0,2.0,2.0,-0.08969559897806985,-0.08713378925843156,-0.08713378925843156,-0.08713378925843156,-0.0025618097196382925,-0.0025618097196382925,-0.0025618097196382925,0.0,0.0,0.0,0.0,0.0,0.0,0.0,0.0,0.0,0.0,0.011587780531819903,0.0,0.0,0.0,0.011587780531819903,0.0,0.0,0.0,0.0,0.0,0.023175561063639806,0.0,-0.08713378925843156,-0.11030935032207137,-0.0025618097196382925,-0.0025618097196382925,0.13375412761617106,0.5477142365837901,0.020177864310229,0.17483573998769347,-0.11287116004170966,0.023175561063639806,-0.08969559897806986
17.0,340.0,359.0,0.34,20.0,0.1289789560281043,0.023380588941997536,0.16137985693069765,0.1967503740176411,0.0002501154754256949,6.683441041592767e-07,0.07432499450142954,0.4,,,-0.00023826726049816914,-0.0018845985866450545,,,,,,,0.0002501154754256949,6.683441041592767e-07,,,2.0,1.0,0.0,1.0,0.0,1.0,-0.08403766093302754,-0.0810764938586371,-0.0810764938586371,-0.0810764938586371,-0.0029611670743904424,-0.0029611670743904424,-0.0029611670743904424,0.0,0.0,0.0,0.0,0.0,0.0,0.0,0.0,0.0,0.0,0.011491271479799574,0.0,0.0,0.0,0.011491271479799574,0.0,0.0,0.0,0.0,0.0,0.02298254295959915,0.0,-0.0810764938586371,-0.10405903681823625,-0.0029611670743904424,-0.0029611670743904424,0.12921326393477753,0.5936764293945449,0.02320553919440247,0.19172015080093574,-0.10702020389262669,0.02298254295959915,-0.08403766093302754
18.0,360.0,379.0,0.36000000000000004,20.0,0.12386959304887488,0.02664075504174302,0.17695223039624994,0.20946942234070753,0.0003049038437963968,5.372964873333114e-07,0.0909496349447894,0.4,,,-0.00034890104283174963,-0.0021263488654023697,,,,,,,0.0003049038437963968,5.372964873333114e-07,,,0.0,1.0,2.0,1.0,2.0,1.0,-0.08051606149112797,-0.07713784232584367,-0.07713784232584367,-0.07713784232584367,-0.003378219165284302,-0.003378219165284302,-0.003378219165284302,0.0,0.0,0.0,0.0,0.0,0.0,0.0,0.0,0.0,0.0,0.008733267337733917,0.0,0.0,0.0,0.008733267337733917,0.0,0.0,0.0,0.0,0.0,0.017466534675467833,0.0,-0.07713784232584367,-0.0946043770013115,-0.003378219165284302,-0.003378219165284302,0.12412549965270178,0.502188145603093,0.026455621767778225,0.20766430265888114,-0.0979825961665958,0.017466534675467833,-0.08051606149112797
19.0,380.0,399.0,0.38000000000000006,20.0,0.11838471600070716,0.03008237162254223,0.18913512822457954,0.22055155613528665,0.000302948387077699,5.4590986490606e-07,0.11193526917892839,0.3658620312361112,,,-0.000488624062617627,-0.002147009731485317,,,,,,,0.000302948387077699,5.4590986490606e-07,,,2.0,1.0,0.0,1.0,0.0,1.0,0.005889571602119989,0.009506479089412212,0.009506479089412212,0.009506479089412212,-0.0036169074872922065,-0.0036169074872922065,-0.0036169074872922065,0.0,0.0,0.0,0.0,0.0,0.0,0.08,0.0,0.0,0.0,0.008520208905902821,0.0,0.0,0.0,0.008520208905902821,0.0,0.0,0.0,0.0,0.0,0.09704041781180565,0.0,0.009506479089412212,-0.08753393872239344,-0.0036169074872922065,-0.0036169074872922065,0.1186569954363054,0.550464964213124,0.02988869561538602,0.22131736759684006,-0.09115084620968565,0.09704041781180565,0.005889571602120003
20.0,400.0,419.0,0.4000000000000001,20.0,0.11253088789391294,0.03369946994942771,0.19896686474861672,0.23041002990717438,0.00034804910727374096,4.5339066926458176e-07,0.13825919731626574,0.2831331256776302,,,-0.0006656477644477693,-0.0018062533735748072,,,,,,,0.00034804910727374096,4.5339066926458176e-07,,,0.0,1.0,2.0,1.0,2.0,1.0,0.03053401013135569,0.034090470780614765,0.034090470780614765,0.034090470780614765,-0.0035564606492590784,-0.0035564606492590784,-0.0035564606492590784,0.0,0.0,0.0,0.0,0.0,0.0,0.1,0.0,0.0,0.0,0.006030976215386384,0.0,0.0,0.0,0.006030976215386384,0.0,0.0,0.0,0.0,0.0,0.11206195243077277,0.0,0.034090470780614765,-0.077971481650158,-0.0035564606492590784,-0.0035564606492590784,0.11281615355484824,0.45329500931899763,0.03349835445101988,0.235832779185518,-0.08152794229941708,0.11206195243077277,0.03053401013135569
21.0,420.0,439.0,0.4200000000000001,20.0,0.10647584807009704,0.037451749282149976,0.20545447027943212,0.23863095717278482,0.00032987816138906295,4.3885145194658183e-07,0.17009080334209342,0.21045536446131347,,,-0.0008711401194040581,-0.0014352134935662851,,,,,,,0.00032987816138906295,4.3885145194658183e-07,,,2.0,1.0,0.0,1.0,0.0,1.0,0.03710694408565973,0.040637959866639706,0.040637959866639706,0.040637959866639706,-0.003531015780979987,-0.003531015780979987,-0.003531015780979987,0.0,0.0,0.0,0.0,0.0,0.0,0.1,0.0,0.0,0.0,0.005738393308341285,0.0,0.0,0.0,0.005738393308341285,0.0,0.0,0.0,0.0,0.0,0.11147678661668259,0.0,0.040637959866639706,-0.07083882675004288,-0.003531015780979987,-0.003531015780979987,0.10676913268588643,0.5043889577520198,0.03724464243754664,0.2475568831978554,-0.07436984253102287,0.11147678661668259,0.03710694408565972
22.0,440.0,459.0,0.4400000000000001,20.0,0.10021594029143172,0.04133495868113716,0.20994153243369154,0.24573681167000727,0.0003618899698640694,3.9747514705331295e-07,0.2082001463071463,0.1498049897443035,,,-0.0011115644304268764,-0.0010800603784909691,,,,,,,0.0003618899698640694,3.9747514705331295e-07,,,0.0,1.0,2.0,1.0,2.0,1.0,0.041901893092424924,0.04549455946957183,0.04549455946957183,0.04549455946957183,-0.00359266637714691,-0.00359266637714691,-0.00359266637714691,0.0,0.0,0.0,0.0,0.0,0.0,0.1,0.0,0.0,0.0,0.0037558572712691938,0.0,0.0,0.0,0.0037558572712691938,0.0,0.0,0.0,0.0,0.0,0.10751171454253838,0.0,0.04549455946957183,-0.062017155072966554,-0.00359266637714691,-0.00359266637714691,0.10051439764098809,0.40595290346138346,0.04112280796359334,0.26066278830910394,-0.06560982145011346,0.10751171454253838,0.041901893092424924
23.0,460.0,479.0,0.46000000000000013,20.0,0.09391362541835097,0.04530963745620342,0.2112383142210592,0.2512611141108355,0.0003302210571362067,3.593809217311937e-07,0.2520598014259313,0.1021747931714466,,,-0.0013617432102230407,-0.0007682850445752403,,,,,,,0.0003302210571362067,3.593809217311937e-07,,,2.0,1.0,0.0,1.0,0.0,1.0,0.047660101727487955,0.05142343736709935,0.05142343736709935,0.05142343736709935,-0.0037633356396113973,-0.0037633356396113973,-0.0037633356396113973,0.0,0.0,0.0,0.0,0.0,0.0,0.1,0.0,0.0,0.0,0.0034250695014506373,0.0,0.0,0.0,0.0034250695014506373,0.0,0.0,0.0,0.0,0.0,0.10685013900290127,0.0,0.05142343736709935,-0.05542670163580192,-0.0037633356396113973,-0.0037633356396113973,0.0942126769730667,0.4578628056189851,0.04509378552253688,0.27042688958528827,-0.05919003727541332,0.10685013900290127,0.047660101727487955
24.0,480.0,499.0,0.48000000000000015,20.0,0.08755666465890784,0.04937317396933215,0.21090009115808042,0.25580231607675263,0.00034820907401766747,3.755414755117344e-07,0.30184579986861526,0.06663222173006506,,,-0.001625698389748901,-0.0005182491589627898,,,,,,,0.00034820907401766747,3.755414755117344e-07,,,0.0,1.0,2.0,1.0,2.0,1.0,0.052174101386931605,0.056234604505766096,0.056234604505766096,0.056234604505766096,-0.00406050311883449,-0.00406050311883449,-0.00406050311883449,0.0,0.0,0.0,0.0,0.0,0.0,0.1,0.0,0.0,0.0,0.002035295824849537,0.0,0.0,0.0,0.002035295824849537,0.0,0.0,0.0,0.0,0.0,0.10407059164969909,0.0,0.056234604505766096,-0.047835987143932994,-0.00406050311883449,-0.00406050311883449,0.08785402087368434,0.3620491478710351,0.04915442127885907,0.2822141189017113,-0.051896490262767485,0.10407059164969909,0.052174101386931605
25.0,500.0,519.0,0.5000000000000001,20.0,0.08129753628322411,0.0534881919884453,0.2076128500564756,0.258865610588279,0.0003073732311649691,3.180966979934978e-07,0.3560438186375343,0.04163250313936256,,,-0.0018605608773591897,-0.000331148368638916,,,,,,,0.0003073732311649691,3.180966979934978e-07,,,2.0,1.0,0.0,1.0,0.0,1.0,0.05676152389046914,0.06124010047615312,0.06124010047615312,0.06124010047615312,-0.00447857658568399,-0.00447857658568399,-0.00447857658568399,0.0,0.0,0.0,0.0,0.0,0.0,0.1,0.0,0.0,0.0,0.0017061524758783743,0.0,0.0,0.0,0.0017061524758783743,0.0,0.0,0.0,0.0,0.0,0.10341230495175677,0.0,0.06124010047615312,-0.042172204475603645,-0.00447857658568399,-0.00447857658568399,0.08158911441501923,0.4130242767588109,0.05326775761701913,0.29004502236535307,-0.04665078106128764,0.10341230495175677,0.05676152389046913
26.0,520.0,539.0,0.5200000000000001,20.0,0.07511705420057391,0.05765360536789682,0.20306046117539744,0.261094038041475,0.0003124050938301567,3.931099003144984e-07,0.4140983186399113,0.02489060938172964,,,-0.0020735173490468643,-0.0002011995963665535,,,,,,,0.0003124050938301567,3.931099003144984e-07,,,0.0,1.0,2.0,1.0,2.0,1.0,0.060764733925078446,0.06577569411671876,0.06577569411671876,0.06577569411671876,-0.005010960191640308,-0.005010960191640308,-0.005010960191640308,0.0,0.0,0.0,0.0,0.0,0.0,0.1,0.0,0.0,0.0,0.0008638492803429938,0.0,0.0,0.0,0.0008638492803429938,0.0,0.0,0.0,0.0,0.0,0.101727698560686,0.0,0.06577569411671876,-0.03595200444396725,-0.005010960191640308,-0.005010960191640308,0.07540112579026219,0.3231356756636357,0.05743214627082137,0.30066560603403186,-0.04096296463560756,0.101727698560686,0.060764733925078446
27.0,540.0,559.0,0.5400000000000001,20.0,0.0691548568298109,0.06183492562367359,0.19577313827558626,0.2619488609374962,0.0002673019281826269,1.9285978109156833e-07,0.47366777608326,0.014287106273513893,,,-0.002210324212213106,-0.0001161993757946412,,,,,,,0.0002673019281826269,1.9285978109156833e-07,,,2.0,1.0,0.0,1.0,1.0,1.0,0.06413201314626645,0.06977144240882216,0.06977144240882216,0.06977144240882216,-0.005639429262555717,-0.005639429262555717,-0.005639429262555717,0.0,0.0,0.0,0.0,0.0,0.0,0.1,0.0,0.0,0.0,0.0005680177624391959,0.0,0.0,0.0,0.0005680177624391959,0.0,0.0,0.0,0.0,0.0,0.1011360355248784,0.0,0.06977144240882216,-0.031364593116056244,-0.005639429262555717,-0.005639429262555717,0.06942779344744404,0.3717283485549168,0.061613553123789556,0.30866291503344623,-0.03700402237861196,0.1011360355248784,0.06413201314626645
28.0,560.0,579.0,0.5600000000000002,20.0,0.06338857653236488,0.06603201502234093,0.18767393717247052,0.26216307880049816,0.0002613827373374992,2.568103003979e-07,0.5337488105404561,0.007870004258430905,,,-0.002295203888584927,-6.410642167107147e-05,,,,,,,0.0002613827373374992,2.568103003979e-07,,,0.0,1.0,2.0,1.0,0.0,1.0,0.06752717804068781,0.07387865176723055,0.07387865176723055,0.07387865176723055,-0.006351473726542738,-0.006351473726542738,-0.006351473726542738,0.0,0.0,0.0,0.0,0.0,0.0,0.1,0.0,0.0,0.0,0.0001489104818969186,0.0,0.0,0.0,0.0001489104818969186,0.0,0.0,0.0,0.0,0.0,0.10029782096379383,0.0,0.07387865176723055,-0.026419169196563286,-0.006351473726542738,-0.006351473726542738,0.06364931732870442,0.2905010998190331,0.06581121179571994,0.3140798564630901,-0.032770642923106025,0.10029782096379383,0.06752717804068781
29.0,580.0,599.0,0.5800000000000002,20.0,0.0579344264174172,0.07021568168527856,0.17731904955696212,0.2612212335117012,0.00021715573083376012,5.376066294211894e-07,0.5918884146245634,0.004177481958887353,,,-0.002279762144380287,-3.379899323421616e-05,,,,,,,0.00021715573083376012,5.376066294211894e-07,,,2.0,1.0,0.0,1.0,2.0,1.0,0.06989526767891556,0.07702524753163467,0.07702524753163467,0.07702524753163467,-0.007129979852719103,-0.007129979852719103,-0.007129979852719103,0.0,0.0,0.0,0.0,0.0,0.0,0.1,0.0,0.0,0.0,1.5934997267685015e-06,0.0,0.0,0.0,1.5934997267685015e-06,0.0,0.0,0.0,0.0,0.0,0.10000318699945354,0.0,0.07702524753163467,-0.02297793946781887,-0.007129979852719103,-0.007129979852719103,0.05818012096772283,0.3354274100374883,0.06999636276704142,0.3229297772719042,-0.03010791932053797,0.10000318699945354,0.06989526767891557
30.0,600.0,619.0,0.6000000000000002,20.0,0.05276934996973835,0.07438634258087179,0.16637476931910447,0.25975197301740044,0.0002039954533197008,3.6392553305790746e-07,0.6472035544011704,0.0021374490779446794,,,-0.002201972693222365,-1.7111134835853765e-05,,,,,,,0.0002039954533197008,3.6392553305790746e-07,,,0.0,1.0,2.0,1.0,0.0,1.0,0.07277558110701011,0.080741386694089,0.080741386694089,0.080741386694089,-0.007965805587078892,-0.007965805587078892,-0.007965805587078892,0.0,0.0,0.0,0.0,0.0,0.0,0.1,0.0,0.0,0.0,0.0,0.0,0.0,0.0,0.0,0.0,0.0,0.0,0.0,0.0,0.1,0.0,0.080741386694089,-0.019258613305911,-0.007965805587078892,-0.007965805587078892,0.05299929801410719,0.26486115015294553,0.07416889583429902,0.3267395960326646,-0.02722441889298989,0.1,0.07277558110701011
31.0,620.0,639.0,0.6200000000000002,20.0,0.047991083849125274,0.0785192106098236,0.1535693655330195,0.25731905171388614,0.0001639478115520356,6.643611270064595e-07,0.6977696324543882,0.001059142099489032,,,-0.0020300484968594876,-8.33000553292027e-06,,,,,,,0.0001639478115520356,6.643611270064595e-07,,,2.0,1.0,0.0,1.0,2.0,1.0,0.07432263962948231,0.0831693931362911,0.0831693931362911,0.0831693931362911,-0.00884675350680879,-0.00884675350680879,-0.00884675350680879,0.0,0.0,0.0,0.0,0.0,0.0,0.1,0.0,0.0,0.0,0.0,0.0,0.0,0.0,0.0,0.0,0.0,0.0,0.0,0.0,0.1,0.0,0.0831693931362911,-0.016830606863708908,-0.00884675350680879,-0.00884675350680879,0.048203072293740504,0.3052858857611228,0.07830438481040947,0.33503817112777673,-0.025677360370517696,0.1,0.07432263962948231
32.0,640.0,659.0,0.6400000000000002,20.0,0.043575466888311876,0.0826154938191801,0.14048144610813976,0.2545129718607805,0.0001469263987491276,5.357074946073939e-07,0.743273774500905,0.0005086813912663283,,,-0.0018157932261630085,-3.918891304533863e-06,,,,,,,0.0001469263987491276,5.357074946073939e-07,,,0.0,1.0,2.0,1.0,0.0,1.0,0.0763544817321832,0.08612224516788204,0.08612224516788204,0.08612224516788204,-0.009767763435698839,-0.009767763435698839,-0.009767763435698839,0.0,0.0,0.0,0.0,0.0,0.0,0.1,0.0,0.0,0.0,0.0,0.0,0.0,0.0,0.0,0.0,0.0,0.0,0.0,0.0,0.1,0.0,0.08612224516788204,-0.013877754832117964,-0.009767763435698839,-0.009767763435698839,0.0437692377700299,0.24682545115030732,0.08240354914604034,0.3372851468947654,-0.0236455182678168,0.1,0.0763544817321832
33.0,660.0,679.0,0.6600000000000003,20.0,0.03959954195979279,0.08665538012394132,0.12594036885168255,0.25094635351813405,0.00011360640714043551,8.61905643890363e-07,0.7826894073121008,0.00023793680390551267,,,-0.0015420738461321651,-1.7848925205040888e-06,,,,,,,0.00011360640714043551,8.61905643890363e-07,,,2.0,1.0,0.0,1.0,2.0,1.0,0.0771066788036171,0.08782689426039265,0.08782689426039265,0.08782689426039265,-0.010720215456775557,-0.010720215456775557,-0.010720215456775557,0.0,0.0,0.0,0.0,0.0,0.0,0.1,0.0,0.0,0.0,0.0,0.0,0.0,0.0,0.0,0.0,0.0,0.0,0.0,0.0,0.1,0.0,0.08782689426039265,-0.012173105739607351,-0.010720215456775557,-0.010720215456775557,0.03977347119313664,0.28213174539747726,0.08644689546414222,0.3453162019707719,-0.022893321196382908,0.1,0.0771066788036171
34.0,680.0,699.0,0.6800000000000003,20.0,0.03603953842995054,0.09064065696862408,0.11138737727267088,0.24715279893483816,9.588355481864787e-05,7.801860348620435e-07,0.8163230958407638,0.0001085187661891642,,,-0.0012620137608610478,-7.909506828426748e-07,,,,,,,9.588355481864787e-05,7.801860348620435e-07,,,0.0,1.0,2.0,1.0,0.0,1.0,0.07835278382137756,0.09005388615016945,0.09005388615016945,0.09005388615016945,-0.011701102328791887,-0.011701102328791887,-0.011701102328791887,0.0,0.0,0.0,0.0,0.0,0.0,0.1,0.0,0.0,0.0,0.0,0.0,0.0,0.0,0.0,0.0,0.0,0.0,0.0,0.0,0.1,0.0,0.09005388615016945,-0.00994611384983056,-0.011701102328791887,-0.011701102328791887,0.03619369484023875,0.23664358758219978,0.09043577396858929,0.34616469595934574,-0.021647216178622447,0.1,0.07835278382137756
35.0,700.0,719.0,0.7000000000000003,20.0,0.03293379952836529,0.09456047339663114,0.09750878931214779,0.2434950578939203,7.059767566884894e-05,5.949138762690107e-05,0.844108496407439,4.843908752582423e-05,,,-0.0010026406650418792,-3.432247163266624e-07,,,,,,,7.059767566884894e-05,5.949138762690107e-05,,,2.0,1.0,0.0,1.0,2.0,0.0,0.07843751347464845,0.09114229517634996,0.09114229517634996,0.09114229517634996,-0.012704781701701518,-0.012704781701701518,-0.012704781701701518,0.0,0.0,0.0,0.0,0.0,0.0,0.1,0.0,0.0,0.0,0.0,0.0,0.0,0.0,0.0,0.0,0.0,0.0,0.0,0.0,0.1,0.0,0.09114229517634996,-0.008857704823650045,-0.012704781701701518,-0.012704781701701518,0.03306925808532457,0.26594107108159226,0.09435900934877102,0.31770233179090057,-0.021562486525351563,0.1,0.07843751347464845
36.0,720.0,739.0,0.7200000000000003,20.0,0.030197156429859633,0.09843008967143166,0.08461116194281194,0.2400200553411057,2.353819222835806e-05,5.8474197721100935e-05,0.8672054054708975,2.1126537334458264e-05,,,-0.0007772354893830874,-1.4567026421849997e-07,,,,,,,2.353819222835806e-05,5.8474197721100935e-05,,,2.0,1.0,2.0,1.0,0.0,2.0,0.07884894659941247,0.09258155792427879,0.09258155792427879,0.09258155792427879,-0.013732611324866325,-0.013732611324866325,-0.013732611324866325,0.0,0.0,0.0,0.0,0.0,0.0,0.1,0.0,0.0,0.0,0.0,0.0,0.0,0.0,0.0,0.0,0.0,0.0,0.0,0.0,0.1,0.0,0.09258155792427879,-0.007418442075721218,-0.013732611324866325,-0.013732611324866325,0.030315114826695588,0.24290111979653953,0.09823185540920029,0.35324725632670234,-0.021151053400587545,0.1,0.07884894659941247
37.0,740.0,759.0,0.7400000000000003,20.0,0.027908261244083344,0.1022306220141344,0.0691098233687313,0.23542234936335996,2.609029425136778e-05,1.524129380670328e-06,0.8854151916450932,9.053732816968233e-06,,,-0.0005305564282022925,-6.017422440592369e-08,,,,,,,2.609029425136778e-05,1.524129380670328e-06,,,1.0,1.0,0.0,1.0,2.0,1.0,0.07853368192679258,0.09331087251409327,0.09331087251409327,0.09331087251409327,-0.014777190587300678,-0.014777190587300678,-0.014777190587300678,0.0,0.0,0.0,0.0,0.0,0.0,0.1,0.0,0.0,0.0,0.0,0.0,0.0,0.0,0.0,0.0,0.0,0.0,0.0,0.0,0.1,0.0,0.09331087251409327,-0.0066891274859067346,-0.014777190587300678,-0.014777190587300678,0.028005414907702454,0.26192436051804835,0.10203652344483008,0.3637674990461116,-0.02146631807320741,0.1,0.0785336819267926
38.0,760.0,779.0,0.7600000000000003,20.0,0.026075350641952502,0.10595865769003733,0.05379792292235888,0.23076719083425284,1.7140157511922564e-05,1.5242978997946762e-06,0.8992105105703342,3.82210999643714e-06,,,-0.0003270635749764788,-2.44553104885676e-08,,,,,,,1.7140157511922564e-05,1.5242978997946762e-06,,,1.0,1.0,2.0,1.0,0.0,1.0,0.07842836466572563,0.09426340028642438,0.09426340028642438,0.09426340028642438,-0.01583503562069876,-0.01583503562069876,-0.01583503562069876,0.0,0.0,0.0,0.0,0.0,0.0,0.1,0.0,0.0,0.0,0.0,0.0,0.0,0.0,0.0,0.0,0.0,0.0,0.0,0.0,0.1,0.0,0.09426340028642438,-0.005736599713575624,-0.01583503562069876,-0.01583503562069876,0.026151681484129174,0.24520599102141297,0.10576870577836209,0.3624713460435375,-0.021571635334274385,0.1,0.07842836466572561
39.0,780.0,799.0,0.7800000000000004,20.0,0.02471444836343734,0.10960936035350592,0.03817844206060168,0.22591410924186,9.499974114508676e-06,2.0025573542341993e-06,0.9089746086953073,1.5942226490534857e-06,,,-0.00016672053823959274,-9.795131868442201e-09,,,,,,,9.499974114508676e-06,2.0025573542341993e-06,,,1.0,1.0,0.0,1.0,2.0,1.0,0.07770665159778774,0.09460888979826888,0.09460888979826888,0.09460888979826888,-0.016902238200481146,-0.016902238200481146,-0.016902238200481146,0.0,0.0,0.0,0.0,0.0,0.0,0.1,0.0,0.0,0.0,0.0,0.0,0.0,0.0,0.0,0.0,0.0,0.0,0.0,0.0,0.1,0.0,0.09460888979826888,-0.005391110201731122,-0.016902238200481146,-0.016902238200481146,0.024769195374648112,0.2595511819027388,0.10942368319792303,0.37155609019676394,-0.022293348402212268,0.1,0.07770665159778774
40.0,800.0,819.0,0.8000000000000004,20.0,0.023816836740407982,0.11318349811806085,0.023005066660347472,0.2211302814568409,4.076796088906932e-06,2.0444622866745604e-06,0.9151827402290644,6.58110091744599e-07,,,-6.099841016391616e-05,-3.881440727314676e-09,,,,,,,4.076796088906932e-06,2.0444622866745604e-06,,,1.0,1.0,2.0,1.0,0.0,1.0,0.0770352013928124,0.09501174435778358,0.09501174435778358,0.09501174435778358,-0.017976542964971177,-0.017976542964971177,-0.017976542964971177,0.0,0.0,0.0,0.0,0.0,0.0,0.1,0.0,0.0,0.0,0.0,0.0,0.0,0.0,0.0,0.0,0.0,0.0,0.0,0.0,0.1,0.0,0.09501174435778358,-0.00498825564221643,-0.017976542964971177,-0.017976542964971177,0.023849919299246645,0.25522731857843467,0.11300200574003405,0.36930621879069475,-0.022964798607187607,0.1,0.07703520139281239
41.0,820.0,839.0,0.8200000000000004,20.0,0.02338756121863224,0.11667927847944871,0.008159514856141154,0.21604382057380364,6.868934740067323e-06,2.595808624221082e-06,0.9180849857409672,2.6949211737589423e-07,,,-7.70115886647997e-06,-1.5201429535441552e-09,,,,,,,6.868934740067323e-06,2.595808624221082e-06,,,1.0,0.0,0.0,1.0,2.0,1.0,0.07619034658870896,0.09524536701826716,0.09524536701826716,0.09524536701826716,-0.0190550204295582,-0.0190550204295582,-0.0190550204295582,0.0,0.0,0.0,0.0,0.0,0.0,0.1,0.0,0.0,0.0,0.0,0.0,0.0,0.0,0.0,0.0,0.0,0.0,0.0,0.0,0.1,0.0,0.09524536701826716,-0.0047546329817328425,-0.0190550204295582,-0.0190550204295582,0.023397302871901414,0.249624686011358,0.1165021971778117,0.3789779918757494,-0.023809653411291043,0.1,0.07619034658870896
42.0,840.0,859.0,0.8400000000000004,20.0,0.02344485245853126,0.12009258076926219,0.009948770790904175,0.21110339645411177,1.565138346788573e-05,2.6976327217099655e-06,0.9177001754819779,1.0978985266289824e-07,,,-1.1443833328540183e-05,-5.924079263458323e-10,,,,,,,1.565138346788573e-05,2.6976327217099655e-06,,,1.0,2.0,2.0,1.0,0.0,1.0,0.07477712010850218,0.09491115888431535,0.09491115888431535,0.09491115888431535,-0.02013403877581317,-0.02013403877581317,-0.02013403877581317,0.0,0.0,0.0,0.0,0.0,0.0,0.1,0.0,0.0,0.0,0.0,0.0,0.0,0.0,0.0,0.0,0.0,0.0,0.0,0.0,0.1,0.0,0.09491115888431535,-0.005088841115684653,-0.02013403877581317,-0.02013403877581317,0.023431070013239873,0.27298654831235974,0.11991975689718708,0.3756618860819263,-0.025222879891497824,0.1,0.07477712010850218
43.0,860.0,879.0,0.8600000000000004,20.0,0.02394184162713387,0.12343324694753402,0.02378870863966308,0.20669596060365072,1.1190833918809744e-06,3.346995279541711e-06,0.9143294346331923,4.446206909593001e-08,,,-6.516191030845979e-05,-2.3037332491574806e-10,,,,,,,1.1190833918809744e-06,3.346995279541711e-06,,,1.0,1.0,0.0,1.0,2.0,1.0,0.07345630759194763,0.0946708179721894,0.0946708179721894,0.0946708179721894,-0.021214510380241764,-0.021214510380241764,-0.021214510380241764,0.0,0.0,0.0,0.0,0.0,0.0,0.1,0.0,0.0,0.0,0.0,0.0,0.0,0.0,0.0,0.0,0.0,0.0,0.0,0.0,0.1,0.0,0.0946708179721894,-0.005329182027810603,-0.021214510380241764,-0.021214510380241764,0.023905847043801387,0.2788785290234952,0.12326421501731262,0.38664603372523726,-0.026543692408052367,0.1,0.07345630759194764
44.0,880.0,899.0,0.8800000000000004,20.0,0.02489239159338885,0.1266987594719129,0.039901998163944095,0.20159974626719512,4.025622985511314e-06,2.9887706455685e-05,0.9077217694654177,1.7940678355371546e-08,,,-0.00018184041339284075,-8.859322123765512e-11,,,,,,,4.025622985511314e-06,2.9887706455685e-05,,,1.0,1.0,0.0,1.0,0.0,2.0,0.07203897670030543,0.09433256994666583,0.09433256994666583,0.09433256994666583,-0.02229359324636041,-0.02229359324636041,-0.02229359324636041,0.0,0.0,0.0,0.0,0.0,0.0,0.1,0.0,0.0,0.0,0.0,0.0,0.0,0.0,0.0,0.0,0.0,0.0,0.0,0.0,0.1,0.0,0.09433256994666583,-0.0056674300533341715,-0.02229359324636041,-0.02229359324636041,0.02483062493221244,0.27734158738517717,0.12653407705188385,0.41301340424461774,-0.027961023299694583,0.1,0.07203897670030543
45.0,900.0,919.0,0.9000000000000005,20.0,0.02636899619995255,0.12987474072783187,0.05822463018911844,0.19568509488936045,1.1823993090068752e-05,5.073514288657095e-05,0.897049379487469,7.254751532013561e-09,,,-0.00038201109112083996,-3.3824180950811235e-11,,,,,,,1.1823993090068752e-05,5.073514288657095e-05,,,1.0,1.0,2.0,1.0,1.0,2.0,0.07003761790019825,0.09340204203329991,0.09340204203329991,0.09340204203329991,-0.02336442413310166,-0.02336442413310166,-0.02336442413310166,0.0,0.0,0.0,0.0,0.0,0.0,0.1,0.0,0.0,0.0,0.0,0.0,0.0,0.0,0.0,0.0,0.0,0.0,0.0,0.0,0.1,0.0,0.09340204203329991,-0.0065979579667000965,-0.02336442413310166,-0.02336442413310166,0.026277187432981686,0.30065934383978904,0.12971506713081032,0.44535232403394415,-0.029962382099801756,0.1,0.07003761790019825
46.0,920.0,939.0,0.9200000000000005,20.0,0.02841167721539792,0.13295398050469523,0.07732927626620302,0.1895610086667406,2.3556027896399152e-05,8.118912933381415e-05,0.881501428517497,2.951815358648608e-09,,,-0.0006606116858511485,-1.294161141118484e-11,,,,,,,2.3556027896399152e-05,8.118912933381415e-05,,,1.0,1.0,2.0,1.0,2.0,2.0,0.06757369435955218,0.09199604385535566,0.09199604385535566,0.09199604385535566,-0.024422349495803485,-0.024422349495803485,-0.024422349495803485,0.0,0.0,0.0,0.0,0.0,0.0,0.1,0.0,0.0,0.0,0.0,0.0,0.0,0.0,0.0,0.0,0.0,0.0,0.0,0.0,0.1,0.0,0.09199604385535566,-0.008003956144644345,-0.024422349495803485,-0.024422349495803485,0.028288041496083327,0.338904122936331,0.13279946800107628,0.485090809047096,-0.03242630564044783,0.1,0.06757369435955218
47.0,940.0,959.0,0.9400000000000005,20.0,0.031029591957076556,0.13593615310463997,0.09622759774670314,0.18363435725124297,3.956149489820749e-05,7.931960327235457e-05,0.8603267165539017,1.210999615507274e-09,,,-0.0009954488685575645,-4.9923900837786234e-12,,,,,,,3.956149489820749e-05,7.931960327235457e-05,,,1.0,1.0,2.0,1.0,2.0,2.0,0.06462251781822828,0.09008759814007483,0.09008759814007483,0.09008759814007483,-0.02546508032184654,-0.02546508032184654,-0.02546508032184654,0.0,0.0,0.0,0.0,0.0,0.0,0.1,0.0,0.0,0.0,0.0,0.0,0.0,0.0,0.0,0.0,0.0,0.0,0.0,0.0,0.1,0.0,0.09008759814007483,-0.009912401859925174,-0.02546508032184654,-0.02546508032184654,0.03087421784140525,0.39112203988812744,0.13578661677799767,0.5245630335033474,-0.03537748218177171,0.1,0.0646225178182283
48.0,960.0,979.0,0.9600000000000005,20.0,0.03422614332077191,0.13882270913305084,0.11668128372027685,0.17728744971488894,4.759048898440007e-05,7.8022755376735e-05,0.8327383735378665,5.0168457851131e-10,,,-0.0014111427434634046,-1.9316568754394543e-12,,,,,,,4.759048898440007e-05,7.8022755376735e-05,,,1.0,1.0,0.0,1.0,2.0,2.0,0.062172718626860295,0.08866379339860837,0.08866379339860837,0.08866379339860837,-0.026491074771748082,-0.026491074771748082,-0.026491074771748082,0.0,0.0,0.0,0.0,0.0,0.0,0.1,0.0,0.0,0.0,0.0,0.0,0.0,0.0,0.0,0.0,0.0,0.0,0.0,0.0,0.1,0.0,0.08866379339860837,-0.011336206601391632,-0.026491074771748082,-0.026491074771748082,0.03403640190217342,0.3927778806966934,0.13867848576121228,0.5626328702259383,-0.03782728137313972,0.1,0.06217271862686029
49.0,980.0,999.0,0.9800000000000005,20.0,0.038108760849094404,0.14159387393780665,0.1418210489339172,0.16928121461467954,7.009921437342112e-05,7.524336412820262e-05,0.7969858269473555,2.115684827957156e-10,,,-0.0019836484038147093,-7.445373939395015e-13,,,,,,,7.009921437342112e-05,7.524336412820262e-05,,,1.0,1.0,0.0,1.0,2.0,2.0,0.05932296570281593,0.08681418574967568,0.08681418574967568,0.08681418574967568,-0.02749122004685976,-0.02749122004685976,-0.02749122004685976,0.0,0.0,0.0,0.0,0.0,0.0,0.1,0.0,0.0,0.0,0.0,0.0,0.0,0.0,0.0,0.0,0.0,0.0,0.0,0.0,0.1,0.0,0.08681418574967568,-0.01318581425032432,-0.02749122004685976,-0.02749122004685976,0.037876469785452116,0.3842972494434656,0.1414563182249708,0.5968469709918861,-0.040677034297184084,0.1,0.05932296570281592
50.0,1000.0,1019.0,1.0000000000000004,20.0,0.042812235734775064,0.14422453097782278,0.17077266791692577,0.1599735930149243,1.53435561585565e-05,7.134548124635959e-05,0.7509706746779636,9.175437661215871e-11,,,-0.002688321450814397,-2.891541886034083e-13,,,,,,,1.53435561585565e-05,7.134548124635959e-05,,,1.0,0.0,1.0,1.0,2.0,2.0,0.05556513343945473,0.08401928047244499,0.08401928047244499,0.08401928047244499,-0.028454147032990252,-0.028454147032990252,-0.028454147032990252,0.0,0.0,0.0,0.0,0.0,0.0,0.1,0.0,0.0,0.0,0.0,0.0,0.0,0.0,0.0,0.0,0.0,0.0,0.0,0.0,0.1,0.0,0.08401928047244499,-0.015980719527555018,-0.028454147032990252,-0.028454147032990252,0.042530736560070434,0.3964699823470289,0.14409469066269856,0.626987911180507,-0.044434866560545266,0.1,0.05556513343945474
51.0,1020.0,1039.0,1.0200000000000005,20.0,0.04837567725711064,0.14670996865618527,0.19758879049119846,0.15170620154731723,0.00028708214294586264,6.720261974374776e-05,0.693740567125155,4.108615582824216e-11,,,-0.003295503006231081,-1.1671001052526645e-13,,,,,,,0.00028708214294586264,6.720261974374776e-05,,,1.0,2.0,2.0,1.0,2.0,2.0,0.05017347052400284,0.07954924440729123,0.07954924440729123,0.07954924440729123,-0.0293757738832884,-0.0293757738832884,-0.0293757738832884,0.0,0.0,0.0,0.0,0.0,0.0,0.1,0.0,0.0,0.0,0.0,0.0,0.0,0.0,0.0,0.0,0.0,0.0,0.0,0.0,0.1,0.0,0.07954924440729123,-0.020450755592708772,-0.0293757738832884,-0.0293757738832884,0.04804909510792686,0.5026382493183665,0.14658694863267993,0.6570349404012246,-0.049826529475997174,0.1,0.05017347052400283
52.0,1040.0,1059.0,1.0400000000000005,20.0,0.054693845048246745,0.14907683314819922,0.22337214673715314,0.14423145769089057,0.00018780179053385493,6.671842795745536e-05,0.6266238383547008,1.8874210563721858e-11,,,-0.0037677249220514314,-4.855720105681622e-14,,,,,,,0.00018780179053385493,6.671842795745536e-05,,,1.0,1.0,0.0,1.0,2.0,2.0,0.04587957132485575,0.0761435240249857,0.0761435240249857,0.0761435240249857,-0.03026395270012995,-0.03026395270012995,-0.03026395270012995,0.0,0.0,0.0,0.0,0.0,0.0,0.1,0.0,0.0,0.0,0.0,0.0,0.0,0.0,0.0,0.0,0.0,0.0,0.0,0.0,0.1,0.0,0.0761435240249857,-0.023856475975014307,-0.03026395270012995,-0.03026395270012995,0.05432468930901433,0.4878269985892002,0.1489599861509553,0.6877280215202783,-0.05412042867514426,0.1,0.04587957132485575
53.0,1060.0,1079.0,1.0600000000000005,20.0,0.06181701647952612,0.15131974713370144,0.2489816687460008,0.1370936903211765,0.0002761787344421697,6.28327767065711e-05,0.5504137966965323,8.927801271412375e-12,,,-0.004068079567595598,-2.0788565427189522e-14,,,,,,,0.0002761787344421697,6.28327767065711e-05,,,1.0,1.0,2.0,1.0,2.0,2.0,0.03976312336959596,0.07087805081009921,0.07087805081009921,0.07087805081009921,-0.03111492744050325,-0.03111492744050325,-0.03111492744050325,0.0,0.0,0.0,0.0,0.0,0.0,0.1,0.0,0.0,0.0,0.00018860216872428748,0.0,0.0,0.0,0.00018860216872428748,0.0,0.0,0.0,0.0,0.0,0.10037720433744857,0.0,0.07087805081009921,-0.02949915352734936,-0.03111492744050325,-0.03111492744050325,0.061405972977517174,0.5967742467959009,0.15120876105286035,0.7174953087796476,-0.060614080967852604,0.10037720433744857,0.03976312336959596
54.0,1080.0,1099.0,1.0800000000000005,20.0,0.06967512151430459,0.15345929441567177,0.2752973751210564,0.130148270019005,0.00029093052904580023,0.0002184651347966238,0.46835216595249396,4.325927741993493e-12,,,-0.004180813554239389,-9.093325380781392e-15,,,,,,,0.00029093052904580023,0.0002184651347966238,,,1.0,1.0,0.0,2.0,2.0,2.0,0.034669163205199915,0.06660414879129287,0.06660414879129287,0.06660414879129287,-0.03193498558609296,-0.03193498558609296,-0.03193498558609296,0.0,0.0,0.0,0.0,0.0,0.0,0.1,0.0,0.0,0.0,0.0009230850137380411,0.0,0.0,0.0,0.0009230850137380411,0.0,0.0,0.0,0.0,0.0,0.10184617002747609,0.0,0.06660414879129287,-0.035242021236183224,-0.03193498558609296,-0.03193498558609296,0.06922148756358913,0.5746146592707981,0.15335402713575927,0.776434000123412,-0.06717700682227618,0.10184617002747609,0.034669163205199915
55.0,1100.0,1119.0,1.1000000000000005,20.0,0.07840088785103448,0.15547405267329253,0.30385387089392485,0.1226536697636604,0.0004127716441389434,0.0002128172117352606,0.38273143400213905,2.1663466261356738e-12,,,-0.004102101698875177,-4.051284209283529e-15,,,,,,,0.0004127716441389434,0.0002128172117352606,,,1.0,1.0,2.0,2.0,2.0,2.0,0.028172075454598586,0.06088657956691996,0.06088657956691996,0.06088657956691996,-0.03271450411232136,-0.03271450411232136,-0.03271450411232136,0.0,0.0,0.0,0.0,0.0,0.0,0.1,0.0,0.0,0.0,0.0024125808234518402,0.0,0.0,0.0,0.0024125808234518402,0.0,0.0,0.0,0.0,0.0,0.1048251616469037,0.0,0.06088657956691996,-0.04393858207998374,-0.03271450411232136,-0.03271450411232136,0.07790098689914102,0.7069438157033388,0.1553749127184676,0.8344949594751598,-0.0766530861923051,0.1048251616469037,0.0281720754545986
56.0,1120.0,1139.0,1.1200000000000006,20.0,0.08795999501217995,0.15737830363564537,0.3337725993681648,0.11517627872006923,0.0004312666991987572,0.00021660269316512584,0.2985254432100641,1.1175048503917282e-12,,,-0.0037969657193829957,-1.8457433611776018e-15,,,,,,,0.0004312666991987572,0.00021660269316512584,,,1.0,1.0,0.0,2.0,2.0,2.0,0.021177492423952282,0.054635157508022024,0.054635157508022024,0.054635157508022024,-0.03345766508406975,-0.03345766508406975,-0.03345766508406975,0.0,0.0,0.0,0.0,0.0,0.0,0.1,0.0,0.0,0.0,0.0038618377456230363,0.0,0.0,0.0,0.0038618377456230363,0.0,0.0,0.0,0.0,0.0,0.10772367549124609,0.0,0.054635157508022024,-0.053088517983224066,-0.03345766508406975,-0.03345766508406975,0.08741194754020351,0.6792405616493774,0.15728529760803317,0.8928643825769369,-0.08654618306729381,0.10772367549124609,0.021177492423952282
57.0,1140.0,1159.0,1.1400000000000006,20.0,0.09846445984333747,0.15915608790855534,0.36267955305249705,0.1084828336352546,0.000820403854900684,4.330237720417293e-05,0.21983395020419427,5.980044906701216e-13,,,-0.0032442355554042988,-8.774153883358625e-16,,,,,,,0.000820403854900684,4.330237720417293e-05,,,2.0,1.0,2.0,2.0,2.0,0.0,0.01386375467657118,0.04802075283762596,0.04802075283762596,0.04802075283762596,-0.03415699816105478,-0.03415699816105478,-0.03415699816105478,0.0,0.0,0.0,0.0,0.0,0.0,0.1,0.0,0.0,0.0,0.007301034607274973,0.0,0.0,0.0,0.007301034607274973,0.0,0.0,0.0,0.0,0.0,0.11460206921454996,0.0,0.04802075283762596,-0.066581316376924,-0.03415699816105478,-0.03415699816105478,0.09787037680957614,0.8549888926096554,0.1590685202473574,0.9189501360773946,-0.10073831453797877,0.11460206921454996,0.013863754676571194
58.0,1160.0,1179.0,1.1600000000000006,20.0,0.10973787654894529,0.16085307176618388,0.3897031415079894,0.10320313302711841,0.000601368237042034,0.00021858444090450455,0.1523423113097403,3.2708136226854567e-13,,,-0.0025506460500562714,-4.3476612485971866e-16,,,,,,,0.000601368237042034,0.00021858444090450455,,,1.0,1.0,0.0,2.0,2.0,2.0,0.0041355973756762865,0.0389650508810378,0.0389650508810378,0.0389650508810378,-0.034829453505361506,-0.034829453505361506,-0.034829453505361506,0.0,0.0,0.0,0.0,0.0,0.0,0.1,0.0,0.0,0.0,0.009794953184605189,0.0,0.0,0.0,0.009794953184605189,0.0,0.0,0.0,0.0,0.0,0.11958990636921038,0.0,0.0389650508810378,-0.08062485548817258,-0.034829453505361506,-0.034829453505361506,0.10910150695401621,0.8220339183757617,0.16076982790994176,0.9834044213935925,-0.1154543089935341,0.11958990636921038,0.0041355973756762865
59.0,1180.0,1199.0,1.1800000000000006,20.0,0.12191838032456964,0.16244949102683265,0.4194169370015169,0.09736383413122107,0.0005378466539551364,0.00021306279266999803,0.09802680760038529,1.843313832964362e-13,,,-0.0018623564181937473,-2.1830573356892947e-16,,,,,,,0.0005378466539551364,0.00021306279266999803,,,0.0,1.0,2.0,2.0,2.0,2.0,-0.07016326048472046,-0.03469688764781455,-0.03469688764781455,-0.03469688764781455,-0.03546637283690592,-0.03546637283690592,-0.03546637283690592,0.0,0.0,0.0,0.0,0.0,0.0,0.035,0.0,0.0,0.0,0.01535398676808605,0.0,0.0,0.0,0.01535398676808605,0.0,0.0,0.0,0.0,0.0,0.06570797353617211,0.0,-0.03469688764781455,-0.10040486118398666,-0.03546637283690592,-0.03546637283690592,0.12123519326928969,0.9821697059457627,0.16237098562053573,1.0471632344163848,-0.13587123402089257,0.06570797353617211,-0.07016326048472046
60.0,1200.0,1219.0,1.2000000000000006,20.0,0.1349287374386219,0.163971352276148,0.447788212846389,0.09275812861139544,0.0008048659957513059,2.5036899521528586e-07,0.058154579250485006,1.061413336564425e-13,,,-0.0012333333314588162,-1.14182711443939e-16,,,,,,,0.0008048659957513059,2.5036899521528586e-07,,,1.0,1.0,0.0,1.0,0.0,2.0,-0.1190092240097083,-0.08293183656263892,-0.08293183656263892,-0.08293183656263892,-0.03607738744706938,-0.03607738744706938,-0.03607738744706938,0.0,0.0,0.0,0.0,0.0,0.0,0.0,0.0,0.0,0.0,0.018856362137461464,0.0,0.0,0.0,0.018856362137461464,0.0,0.0,0.0,0.0,0.0,0.03771272427492293,0.0,-0.08293183656263892,-0.12064456083756184,-0.03607738744706938,-0.03607738744706938,0.13420139927994107,0.9387169285197408,0.16389660260464906,1.0499409908188966,-0.1567219482846312,0.03771272427492293,-0.11900922400970829
61.0,1220.0,1239.0,1.2200000000000006,20.0,0.14879619646093503,0.16542336597666746,0.47302173456306873,0.09001387290403841,0.001038204238330408,6.971751912681589e-05,0.0314478978938133,6.238613463351791e-14,,,-0.0007297931008024089,-6.322871929488701e-17,,,,,,,0.001038204238330408,6.971751912681589e-05,,,1.0,1.0,2.0,2.0,2.0,0.0,-0.1309848614849477,-0.09432105273318399,-0.09432105273318399,-0.09432105273318399,-0.03666380875176373,-0.03666380875176373,-0.03666380875176373,0.0,0.0,0.0,0.0,0.0,0.0,0.0,0.0,0.0,0.0,0.027081642825892194,0.0,0.0,0.0,0.027081642825892194,0.0,0.0,0.0,0.0,0.0,0.05416328565178439,0.0,-0.09432105273318399,-0.14848433838496838,-0.03666380875176373,-0.03666380875176373,0.14803032792311321,1.1412346089601224,0.16535083424846397,1.0913409492645338,-0.1851481471367321,0.05416328565178439,-0.13098486148494773
62.0,1240.0,1259.0,1.2400000000000007,20.0,0.16333597835620203,0.16685613901707808,0.49784925151714865,0.0882333345934772,0.001004082032880018,0.00023131986242302783,0.015474871173714013,3.67582992764481e-14,,,-0.00038986266893974793,-3.580568294816761e-17,,,,,,,0.001004082032880018,0.00023131986242302783,,,1.0,1.0,0.0,2.0,2.0,2.0,-0.1496233601321219,-0.11237764073639156,-0.11237764073639156,-0.11237764073639156,-0.03724571939573034,-0.03724571939573034,-0.03724571939573034,0.0,0.0,0.0,0.0,0.0,0.0,0.0,0.0,0.0,0.0,0.031311039306144185,0.0,0.0,0.0,0.031311039306144185,0.0,0.0,0.0,0.0,0.0,0.06262207861228837,0.0,-0.11237764073639156,-0.17499971934867992,-0.03724571939573034,-0.03724571939573034,0.16253238272367318,1.091012685583141,0.16678506728814327,1.168728768862093,-0.21224543874441026,0.06262207861228837,-0.1496233601321219
63.0,1260.0,1279.0,1.2600000000000007,20.0,0.17873161261746418,0.1682426460651535,0.5249638716999526,0.0862329052103541,0.001277711212301354,0.00022833114357120798,0.006796112062997191,2.1935868137668678e-14,,,-0.00018604426685257255,-2.0415881330014075e-17,,,,,,,0.001277711212301354,0.00022833114357120798,,,1.0,1.0,2.0,2.0,2.0,2.0,-0.16616688548771114,-0.12835500174500247,-0.12835500174500247,-0.12835500174500247,-0.03781188374270864,-0.03781188374270864,-0.03781188374270864,0.0,0.0,0.0,0.0,0.0,0.0,0.0,0.0,0.0,0.0,0.040585940119690564,0.0,0.0,0.0,0.040585940119690564,0.0,0.0,0.0,0.0,0.0,0.08117188023938113,0.0,-0.12835500174500247,-0.2095268819843836,-0.03781188374270864,-0.03781188374270864,0.1778864065143911,1.315972860455966,0.16817319028061228,1.246574407268368,-0.24733876572709224,0.08117188023938113,-0.1661668854877111
64.0,1280.0,1299.0,1.2800000000000007,20.0,0.1948764194660631,0.16961813732533873,0.5529190649686487,0.08477160561643629,0.0012379235578109595,0.00024213208495362215,0.002648192499175362,1.3088873199814432e-14,,,-7.845383890333129e-05,-1.1775186846423452e-17,,,,,,,0.0012379235578109595,0.00024213208495362215,,,1.0,1.0,0.0,2.0,2.0,2.0,-0.1903389668635242,-0.1519624953371544,-0.1519624953371544,-0.1519624953371544,-0.0383764715263698,-0.0383764715263698,-0.0383764715263698,0.0,0.0,0.0,0.0,0.0,0.0,0.0,0.0,0.0,0.0,0.04498389329171011,0.0,0.0,0.0,0.04498389329171011,0.0,0.0,0.0,0.0,0.0,0.08996778658342022,0.0,-0.1519624953371544,-0.2419302819205746,-0.0383764715263698,-0.0383764715263698,0.19398830885888668,1.260951389366261,0.16954988054875675,1.3293426389793948,-0.2803067534469444,0.08996778658342022,-0.19033896686352417
65.0,1300.0,1319.0,1.3000000000000007,20.0,0.21197320216030419,0.17095249799459475,0.5828443138722297,0.08329555782118367,0.0015766509978131355,0.00023889848196407474,0.0008931779227547716,7.899698939387759e-15,,,-2.8600844535141548e-05,-6.863027033899505e-18,,,,,,,0.0015766509978131355,0.00023889848196407474,,,1.0,1.0,2.0,2.0,2.0,2.0,-0.2135909441276859,-0.174664021285015,-0.174664021285015,-0.174664021285015,-0.03892692284267091,-0.03892692284267091,-0.03892692284267091,0.0,0.0,0.0,0.0,0.0,0.0,0.0,0.0,0.0,0.0,0.053314738269309415,0.0,0.0,0.0,0.053314738269309415,0.0,0.0,0.0,0.0,0.0,0.10662947653861883,0.0,-0.174664021285015,-0.28129349782363383,-0.03892692284267091,-0.03892692284267091,0.21103890749757032,1.5112253280954389,0.1708854317106075,1.4115438376311917,-0.32022042066630474,0.10662947653861883,-0.21359094412768592
66.0,1320.0,1339.0,1.3200000000000007,20.0,0.2298904697547395,0.1722878569660967,0.6132949254161494,0.0825701022227659,0.0015249061819910489,0.0002552204382408224,0.00025924049158981095,4.747166368583073e-15,,,-8.926042403655982e-06,-4.053111198955325e-18,,,,,,,0.0015249061819910489,0.0002552204382408224,,,1.0,1.0,0.0,2.0,2.0,2.0,-0.24391547426865895,-0.2044350146397806,-0.2044350146397806,-0.2044350146397806,-0.03948045962887839,-0.03948045962887839,-0.03948045962887839,0.0,0.0,0.0,0.0,0.0,0.0,0.0,0.0,0.0,0.0,0.05723320187938169,0.0,0.0,0.0,0.05723320187938169,0.0,0.0,0.0,0.0,0.0,0.11446640375876338,0.0,-0.2044350146397806,-0.31890141839854397,-0.03948045962887839,-0.03948045962887839,0.22890928249881787,1.450477451726813,0.17222138948258006,1.5002644485082617,-0.3583818780274224,0.11446640375876338,-0.243915474268659
67.0,1340.0,1359.0,1.3400000000000007,20.0,0.24885144270095805,0.1735908872424545,0.6466552736410199,0.08154522306381898,0.0014695740786451173,0.00025182812596847854,6.276580849386299e-05,2.877093809901118e-15,,,-2.3237962951833126e-06,-2.3962112623762826e-18,,,,,,,0.0014695740786451173,0.00025182812596847854,,,1.0,0.0,2.0,2.0,2.0,2.0,-0.27513189359382495,-0.23510875195898479,-0.23510875195898479,-0.23510875195898479,-0.040023141634840165,-0.040023141634840165,-0.040023141634840165,0.0,0.0,0.0,0.0,0.0,0.0,0.0,0.0,0.0,0.0,0.0631273712324333,0.0,0.0,0.0,0.0631273712324333,0.0,0.0,0.0,0.0,0.0,0.1262547424648666,0.0,-0.23510875195898479,-0.3613634944238514,-0.040023141634840165,-0.040023141634840165,0.24781852386666578,1.7038852038618078,0.1735252462638262,1.5872851478702372,-0.40138663605869157,0.1262547424648666,-0.27513189359382495
68.0,1360.0,1379.0,1.3600000000000008,20.0,0.2687366786837988,0.17490287691639225,0.6803186509334008,0.08144719929656173,0.001403891445006831,0.00026936403263807856,1.256894290022076e-05,1.7311020420230406e-15,,,-4.973660599303562e-07,-1.4383190855493286e-18,,,,,,,0.001403891445006831,0.00026936403263807856,,,1.0,2.0,0.0,2.0,2.0,2.0,-0.31144449329415047,-0.2708724292040752,-0.2708724292040752,-0.2708724292040752,-0.04057206409007523,-0.04057206409007523,-0.04057206409007523,0.0,0.0,0.0,0.0,0.0,0.0,0.0,0.0,0.0,0.0,0.06630312320799149,0.0,0.0,0.0,0.06630312320799149,0.0,0.0,0.0,0.0,0.0,0.13260624641598298,0.0,-0.2708724292040752,-0.40347867562005824,-0.04057206409007523,-0.04057206409007523,0.26765173528404895,1.6605408889333901,0.1748373222296403,1.6820952691564934,-0.4440507397101335,0.13260624641598298,-0.31144449329415047
69.0,1380.0,1399.0,1.3800000000000008,20.0,0.289729440659781,0.17620030589349006,0.7144032498994853,0.08218382579272078,0.0023775959562997414,0.00026960004232411155,2.0125318581127134e-06,1.0435331092480884e-15,,,-8.466023041358954e-08,-8.82698093229796e-19,,,,,,,0.0023775959562997414,0.00026960004232411155,,,1.0,1.0,2.0,2.0,2.0,2.0,-0.3496257653559032,-0.30850842622653774,-0.30850842622653774,-0.30850842622653774,-0.041117339129365445,-0.041117339129365445,-0.041117339129365445,0.0,0.0,0.0,0.0,0.0,0.0,0.0,0.0,0.0,0.0,0.06996296378701848,0.0,0.0,0.0,0.06996296378701848,0.0,0.0,0.0,0.0,0.0,0.13992592757403696,0.0,-0.30850842622653774,-0.4484343538005747,-0.041117339129365445,-0.041117339129365445,0.28859186551275884,1.9691950130392475,0.17613416178108143,1.77974659088317,-0.48955169292994016,0.13992592757403696,-0.3496257653559032
70.0,1400.0,1419.0,1.4000000000000008,20.0,0.31164893108598835,0.1775400854781517,0.7489041685823702,0.08389044120816838,0.0022834577524731537,0.0002921616778530351,2.565890552593625e-07,6.163247091557083e-16,,,-1.1416424028039013e-08,-5.43071774205186e-19,,,,,,,0.0022834577524731537,0.0002921616778530351,,,1.0,1.0,0.0,2.0,2.0,2.0,-0.3908606318237777,-0.3491777005380789,-0.3491777005380789,-0.3491777005380789,-0.04168293128569882,-0.04168293128569882,-0.04168293128569882,0.0,0.0,0.0,0.0,0.0,0.0,0.0,0.0,0.0,0.0,0.07211857637188596,0.0,0.0,0.0,0.07211857637188596,0.0,0.0,0.0,0.0,0.0,0.1442371527437719,0.0,-0.3491777005380789,-0.4934148532818508,-0.04168293128569882,-0.04168293128569882,0.31045822009168667,1.8948984538612788,0.17747255558736433,1.8874265209114012,-0.5350977845675496,0.1442371527437719,-0.3908606318237777
71.0,1420.0,1439.0,1.4200000000000008,20.0,0.33474238781708165,0.17888598281839002,0.7854982768812349,0.08587996219844486,0.0028776165266568743,0.000292780517584197,2.4904985217384612e-08,3.616799191904455e-16,,,-1.1691651057766293e-09,-3.338866441409001e-19,,,,,,,0.0028776165266568743,0.000292780517584197,,,1.0,1.0,2.0,2.0,2.0,2.0,-0.43362751821815376,-0.39137387002667534,-0.39137387002667534,-0.39137387002667534,-0.04225364819147845,-0.04225364819147845,-0.04225364819147845,0.0,0.0,0.0,0.0,0.0,0.0,0.0,0.0,0.0,0.0,0.07418791772863646,0.0,0.0,0.0,0.07418791772863646,0.0,0.0,0.0,0.0,0.0,0.14837583545727293,0.0,-0.39137387002667534,-0.5397497054839483,-0.04225364819147845,-0.04225364819147845,0.3334951165998262,2.2332157527464735,0.1788168580800933,1.9955610138583892,-0.5820033536754268,0.14837583545727293,-0.4336275182181538
72.0,1440.0,1459.0,1.4400000000000008,20.0,0.3588317912786553,0.1802967812289466,0.8226261156703517,0.08888470861881309,0.002758329669876876,0.0003186981628189562,1.8302930340082664e-09,2.0596810292895302e-16,,,-9.022295667213291e-11,-2.0358241123378127e-19,,,,,,,0.002758329669876876,0.0003186981628189562,,,1.0,1.0,0.0,2.0,2.0,2.0,-0.47752816782854873,-0.43467358465704914,-0.43467358465704914,-0.43467358465704914,-0.04285458317149956,-0.04285458317149956,-0.04285458317149956,0.0,0.0,0.0,0.0,0.0,0.0,0.0,0.0,0.0,0.0,0.07559683718357364,0.0,0.0,0.0,0.07559683718357364,0.0,0.0,0.0,0.0,0.0,0.15119367436714728,0.0,-0.43467358465704914,-0.5858672590241965,-0.04285458317149956,-0.04285458317149956,0.3575272767665989,2.151884331073073,0.18022520962322405,2.115490154358917,-0.628721842195696,0.15119367436714728,-0.4775281678285488
73.0,1460.0,1479.0,1.4600000000000009,20.0,0.3841856868002142,0.18173258062026612,0.8621085106411231,0.09220572569310444,0.0034689166575505607,0.00032212015892637744,9.642189597232561e-11,1.1560324801869809e-16,,,-4.978332645184099e-12,-1.2289593158300667e-19,,,,,,,0.0034689166575505607,0.00032212015892637744,,,1.0,1.0,2.0,2.0,2.0,2.0,-0.5218846114449623,-0.47841565022054255,-0.47841565022054255,-0.47841565022054255,-0.04346896122441981,-0.04346896122441981,-0.04346896122441981,0.0,0.0,0.0,0.0,0.0,0.0,0.0,0.0,0.0,0.0,0.07677088442267552,0.0,0.0,0.0,0.07677088442267552,0.0,0.0,0.0,0.0,0.0,0.15354176884535103,0.0,-0.47841565022054255,-0.6319574190658936,-0.04346896122441981,-0.04346896122441981,0.3828200855675309,2.5236790377710125,0.1816583444212066,2.2360104344588865,-0.6754263802903134,0.15354176884535103,-0.5218846114449625
74.0,1480.0,1499.0,1.4800000000000009,20.0,0.4106177274072825,0.18325698395010528,0.9023259138192667,0.09656106438351283,0.0033212784807517505,0.00035148153524536317,3.6189725836337422e-12,6.22993809349203e-17,,,-1.94821472429924e-13,-7.258034380807396e-20,,,,,,,0.0033212784807517505,0.00035148153524536317,,,1.0,1.0,0.0,2.0,2.0,2.0,-0.5656893272677851,-0.521565036872658,-0.521565036872658,-0.521565036872658,-0.044124290395127094,-0.044124290395127094,-0.044124290395127094,0.0,0.0,0.0,0.0,0.0,0.0,0.0,0.0,0.0,0.0,0.07763369860639666,0.0,0.0,0.0,0.07763369860639666,0.0,0.0,0.0,0.0,0.0,0.1552673972127933,0.0,-0.521565036872658,-0.6768324340854512,-0.044124290395127094,-0.044124290395127094,0.40919004162951716,2.4349061540920243,0.18317919505993188,2.3701601184332293,-0.7209567244805783,0.1552673972127933,-0.565689327267785
75.0,1500.0,1519.0,1.5000000000000009,20.0,0.43841317280244396,0.18482726538718317,0.9446358185929636,0.10151030018999148,0.00417088858771811,0.00024375414164869903,9.061064438699195e-14,3.2777223287941624e-17,,,-5.070089987643012e-15,-4.2163975044584283e-20,,,,,,,0.00417088858771811,0.00024375414164869903,,,1.0,1.0,2.0,2.0,2.0,1.0,-0.6084760567678485,-0.5636734961137516,-0.5636734961137516,-0.5636734961137516,-0.04480256065409699,-0.04480256065409699,-0.04480256065409699,0.0,0.0,0.0,0.0,0.0,0.0,0.0,0.0,0.0,0.0,0.07830187329812961,0.0,0.0,0.0,0.07830187329812961,0.0,0.0,0.0,0.0,0.0,0.15660374659625922,0.0,-0.5636734961137516,-0.7202772427100108,-0.04480256065409699,-0.04480256065409699,0.4369200109608132,2.842766967650424,0.18474550227433,2.4907938664899967,-0.7650798033641077,0.15660374659625922,-0.6084760567678485
76.0,1520.0,1539.0,1.520000000000001,20.0,0.4673556570956667,0.18651758045744507,0.9873509706513977,0.10775080884916828,0.003983079096401899,0.0003931252406499827,1.5074909904868938e-15,1.6318521696577823e-17,,,-8.727390679074631e-17,-2.362448248961779e-20,,,,,,,0.003983079096401899,0.0003931252406499827,,,1.0,1.0,0.0,2.0,2.0,2.0,-0.649141023303881,-0.6036047578167671,-0.6036047578167671,-0.6036047578167671,-0.04553626548711382,-0.04553626548711382,-0.04553626548711382,0.0,0.0,0.0,0.0,0.0,0.0,0.0,0.0,0.0,0.0,0.07879573571754983,0.0,0.0,0.0,0.07879573571754983,0.0,0.0,0.0,0.0,0.0,0.15759147143509966,0.0,-0.6036047578167671,-0.7611962292518668,-0.04553626548711382,-0.04553626548711382,0.46579658202296503,2.745705104128664,0.1864307183430717,2.6421796906342334,-0.8067324947389807,0.15759147143509966,-0.649141023303881
77.0,1540.0,1559.0,1.540000000000001,20.0,0.49770867398369245,0.18829131401609564,1.0,0.1164318052639935,0.008483169762859575,0.00017474118941523964,1.5506061687858958e-17,7.796085488934454e-18,,,-9.060048851112373e-19,-1.3155351778981286e-20,,,,,,,0.008483169762859575,0.00017474118941523964,,,2.0,1.0,2.0,2.0,2.0,0.0,-0.6872751635477424,-0.6409650595936945,-0.6409650595936945,-0.6409650595936945,-0.04631010395404792,-0.04631010395404792,-0.04631010395404792,0.0,0.0,0.0,0.0,0.0,0.0,0.0,0.0,0.0,0.0,0.07916136301661378,0.0,0.0,0.0,0.07916136301661378,0.0,0.0,0.0,0.0,0.0,0.15832272603322756,0.0,-0.6409650595936945,-0.799287785626922,-0.04631010395404792,-0.04631010395404792,0.49608622326792007,3.284085754948607,0.18819748492021454,2.7700935155017294,-0.8455978895809699,0.15832272603322756,-0.6872751635477423
78.0,1560.0,1579.0,1.560000000000001,20.0,0.5290875959570643,0.1902679796043929,1.0,0.12814036121716862,0.004682510246268707,0.0004636085815762002,1.0095236756264355e-19,3.3946267925335015e-18,,,-5.898553740884113e-21,-6.920417404921828e-21,,,,,,,0.004682510246268707,0.0004636085815762002,,,1.0,1.0,0.0,2.0,2.0,2.0,-0.7218677775049234,-0.6746906623206117,-0.6746906623206117,-0.6746906623206117,-0.04717711518431183,-0.04717711518431183,-0.04717711518431183,0.0,0.0,0.0,0.0,0.0,0.0,0.0,0.0,0.0,0.0,0.07942329081169058,0.0,0.0,0.0,0.07942329081169058,0.0,0.0,0.0,0.0,0.0,0.15884658162338117,0.0,-0.6746906623206117,-0.8335372439439929,-0.04717711518431183,-0.04717711518431183,0.5274072239216847,3.18708411515443,0.19016455534634497,2.9588393037412457,-0.8807143591283046,0.15884658162338117,-0.7218677775049235
79.0,1580.0,1599.0,1.580000000000001,20.0,0.5618664037237746,0.19238557107197607,1.0,0.13755523497800268,0.0027015484686072426,0.00047897640759040055,3.7799360939893296e-22,1.3796863165167722e-18,,,-2.208581802072973e-23,-3.2339284614887826e-21,,,,,,,0.0027015484686072426,0.00047897640759040055,,,0.0,1.0,2.0,2.0,2.0,2.0,-0.7528723239055957,-0.7047610821475523,-0.7047610821475523,-0.7047610821475523,-0.04811124175804335,-0.04811124175804335,-0.04811124175804335,0.0,0.0,0.0,0.0,0.0,0.0,0.0,0.0,0.0,0.0,0.07961015929967327,0.0,0.0,0.0,0.07961015929967327,0.0,0.0,0.0,0.0,0.0,0.15922031859934654,0.0,-0.7047610821475523,-0.8639814007468989,-0.04811124175804335,-0.04811124175804335,0.5601127981943604,3.568698662905999,0.19227452246076498,3.138846272356973,-0.9120926425049423,0.15922031859934654,-0.7528723239055957
80.0,1600.0,1619.0,1.600000000000001,20.0,0.5961010106554149,0.19466018271733238,1.0,0.14381551859992944,0.010057920002038138,0.000505460423893046,7.716126551107988e-25,5.187451915854834e-19,,,-4.508461587582941e-26,-1.3270185365321627e-21,,,,,,,0.010057920002038138,0.000505460423893046,,,0.0,1.0,0.0,2.0,2.0,2.0,-0.7800163893855825,-0.7308957991527746,-0.7308957991527746,-0.7308957991527746,-0.04912059023280796,-0.04912059023280796,-0.04912059023280796,0.0,0.0,0.0,0.0,0.0,0.0,0.0,0.0,0.0,0.0,0.07974108108462108,0.0,0.0,0.0,0.07974108108462108,0.0,0.0,0.0,0.0,0.0,0.15948216216924216,0.0,-0.7308957991527746,-0.8903779613220167,-0.04912059023280796,-0.04912059023280796,0.5942571981508792,3.3401380719691303,0.19454400356142032,3.314420853635343,-0.9394985515548246,0.15948216216924216,-0.7800163893855825
81.0,1620.0,1639.0,1.620000000000001,20.0,0.6323448838391187,0.19698157702975902,1.0,0.14864957522554811,0.007081326533981673,0.0005065148390527921,7.346686979169972e-28,1.88904317757605e-19,,,-4.292601452580819e-29,-5.156221617381823e-22,,,,,,,0.007081326533981673,0.0005065148390527921,,,1.0,1.0,2.0,2.0,2.0,2.0,-0.8034176769513034,-0.7532607910944821,-0.7532607910944821,-0.7532607910944821,-0.05015688585682127,-0.05015688585682127,-0.05015688585682127,0.0,0.0,0.0,0.0,0.0,0.0,0.0,0.0,0.0,0.0,0.0798321534316775,0.0,0.0,0.0,0.0798321534316775,0.0,0.0,0.0,0.0,0.0,0.159664306863355,0.0,-0.7532607910944821,-0.912925097957837,-0.05015688585682127,-0.05015688585682127,0.6303990896977492,3.8656776622251465,0.19686149588239973,3.4788172739442387,-0.9630819838146584,0.159664306863355,-0.8034176769513034
82.0,1640.0,1659.0,1.640000000000001,20.0,0.670445335006426,0.19942172117668355,1.0,0.1533254770527398,0.012537776301853201,0.000549690645281766,3.146340016654779e-31,6.448829639708557e-20,,,-1.8383774569542594e-32,-1.870353819105555e-22,,,,,,,0.012537776301853201,0.000549690645281766,,,0.0,1.0,0.0,2.0,2.0,2.0,-0.8229027287385101,-0.7716499955089327,-0.7716499955089327,-0.7716499955089327,-0.051252733229577414,-0.051252733229577414,-0.051252733229577414,0.0,0.0,0.0,0.0,0.0,0.0,0.0,0.0,0.0,0.0,0.07989359568359003,0.0,0.0,0.0,0.07989359568359003,0.0,0.0,0.0,0.0,0.0,0.15978719136718006,0.0,-0.7716499955089327,-0.9314371868761127,-0.051252733229577414,-0.051252733229577414,0.6683910784449847,3.611102929997859,0.19929781476365974,3.6559567292959207,-0.9826899201056901,0.15978719136718006,-0.82290272873851
83.0,1660.0,1679.0,1.660000000000001,20.0,0.7108466571548392,0.2018948221376956,1.0,0.15919170826261808,0.015508019740120917,0.0005653892416265664,5.13915769840963e-35,2.140683058484325e-20,,,-3.002762451126978e-36,-6.681841262440814e-23,,,,,,,0.015508019740120917,0.0005653892416265664,,,2.0,1.0,2.0,2.0,2.0,2.0,-0.8387212069507395,-0.7863511985845524,-0.7863511985845524,-0.7863511985845524,-0.05237000836618713,-0.05237000836618713,-0.05237000836618713,0.0,0.0,0.0,0.0,0.0,0.0,0.0,0.0,0.0,0.0,0.07993438750468476,0.0,0.0,0.0,0.07993438750468476,0.0,0.0,0.0,0.0,0.0,0.15986877500936952,0.0,-0.7863511985845524,-0.9462199735939218,-0.05237000836618713,-0.05237000836618713,0.7086802691184111,4.323486061615758,0.2017661891814449,3.834371975754619,-0.998589981960109,0.15986877500936952,-0.8387212069507395
84.0,1680.0,1699.0,1.680000000000001,20.0,0.7531992044242183,0.20453532229750457,1.0,0.16732106093506485,0.015592432443911263,0.0006224007783441488,3.186046751167424e-39,6.496665857305961e-21,,,-1.861577735764216e-40,-2.2349378884240852e-23,,,,,,,0.015592432443911263,0.0006224007783441488,,,0.0,1.0,0.0,2.0,2.0,2.0,-0.8510786866674643,-0.797508660052495,-0.797508660052495,-0.797508660052495,-0.05357002661496933,-0.05357002661496933,-0.05357002661496933,0.0,0.0,0.0,0.0,0.0,0.0,0.0,0.0,0.0,0.0,0.0799604784100609,0.0,0.0,0.0,0.0799604784100609,0.0,0.0,0.0,0.0,0.0,0.1599209568201218,0.0,-0.797508660052495,-0.9574296168726169,-0.05357002661496933,-0.05357002661496933,0.750921504806894,4.043777699295278,0.20440001287861903,4.044575264931571,-1.010999643487586,0.1599209568201218,-0.8510786866674642
85.0,1700.0,1719.0,1.700000000000001,20.0,0.797938977868974,0.20725681673292035,1.0,0.17637538314494958,0.019133960057269285,0.0006588619837574964,6.223521498343139e-44,1.8702609612157446e-21,,,-3.636346219690713e-45,-7.12929019665733e-24,,,,,,,0.019133960057269285,0.0006588619837574964,,,2.0,1.0,2.0,2.0,2.0,2.0,-0.8604866586970105,-0.8056723903280036,-0.8056723903280036,-0.8056723903280036,-0.054814268369006804,-0.054814268369006804,-0.054814268369006804,0.0,0.0,0.0,0.0,0.0,0.0,0.0,0.0,0.0,0.0,0.07997686574151154,0.0,0.0,0.0,0.07997686574151154,0.0,0.0,0.0,0.0,0.0,0.15995373148302308,0.0,-0.8056723903280036,-0.9656261218110267,-0.054814268369006804,-0.054814268369006804,0.7955440847280542,4.83317307580515,0.20711419639869622,4.2544785969340335,-1.0204403901800334,0.15995373148302308,-0.8604866586970104
86.0,1720.0,1739.0,1.720000000000001,20.0,0.8447292945538307,0.21020611515869114,1.0,0.18859353069307958,0.0192080754911819,0.00011583533459605059,3.787609242646643e-49,4.761857236930147e-22,,,-2.213065152073543e-50,-2.0671527298473808e-24,,,,,,,0.0192080754911819,0.00011583533459605059,,,0.0,1.0,0.0,2.0,0.0,2.0,-0.8674763525435367,-0.8113055320637422,-0.8113055320637422,-0.8113055320637422,-0.056170820479794485,-0.056170820479794485,-0.056170820479794485,0.0,0.0,0.0,0.0,0.0,0.0,0.0,0.0,0.0,0.0,0.0799867871400088,0.0,0.0,0.0,0.0799867871400088,0.0,0.0,0.0,0.0,0.0,0.1599735742800176,0.0,-0.8113055320637422,-0.9712791063437598,-0.056170820479794485,-0.056170820479794485,0.8422195094505364,4.520493471916226,0.21005344172352677,4.435161692782291,-1.0274499268235542,0.1599735742800176,-0.8674763525435366
87.0,1740.0,1759.0,1.740000000000001,20.0,0.8939617843313977,0.21330708083352629,1.0,0.20251984964622965,0.023362802764532255,0.0007998737955086389,5.883968145026721e-55,1.1067365889698513e-22,,,-3.4379483266258013e-56,-5.513375537237299e-25,,,,,,,0.023362802764532255,0.0007998737955086389,,,2.0,1.0,2.0,2.0,2.0,2.0,-0.8726213756740133,-0.8150154873787651,-0.8150154873787651,-0.8150154873787651,-0.05760588829524832,-0.05760588829524832,-0.05760588829524832,0.0,0.0,0.0,0.0,0.0,0.0,0.0,0.0,0.0,0.0,0.07999267103851924,0.0,0.0,0.0,0.07999267103851924,0.0,0.0,0.0,0.0,0.0,0.1599853420770385,0.0,-0.8150154873787651,-0.9750008294558036,-0.05760588829524832,-0.05760588829524832,0.8913317545584301,5.390342135466392,0.21314312491657367,4.687227165689801,-1.0326067177510518,0.1599853420770385,-0.8726213756740133
88.0,1760.0,1779.0,1.7600000000000011,20.0,0.9453479923577275,0.21671340258786623,1.0,0.2189861090119196,0.023418806121555835,0.00015974534123227603,2.269930031354629e-61,2.1737600373100317e-23,,,-1.3262991845816425e-62,-1.2583637548913467e-25,,,,,,,0.023418806121555835,0.00015974534123227603,,,0.0,1.0,0.0,2.0,0.0,2.0,-0.8764955142623186,-0.8173034093331947,-0.8173034093331947,-0.8173034093331947,-0.05919210492912393,-0.05919210492912393,-0.05919210492912393,0.0,0.0,0.0,0.0,0.0,0.0,0.0,0.0,0.0,0.0,0.07999603814422321,0.0,0.0,0.0,0.07999603814422321,0.0,0.0,0.0,0.0,0.0,0.15999207628844642,0.0,-0.8173034093331947,-0.9772954856216411,-0.05919210492912393,-0.05919210492912393,0.9425969434834229,5.0431983612597575,0.21653586261200344,4.912073166605564,-1.0364875905507651,0.15999207628844642,-0.8764955142623188
89.0,1780.0,1789.0,1.7800000000000011,10.0,0.9854327959748879,0.21938226161145155,1.0,0.22989869397547136,0.05643410298983982,0.0003908421641349318,1.270881315524841e-66,5.9646232155832395e-24,,,-7.425642329048983e-68,-3.789062658001509e-26,,,,,,,0.05643410298983982,0.0003908421641349318,,,2.0,1.0,2.0,0.0,0.0,2.0,-0.8788112084653558,-0.8183694654955989,-0.8183694654955989,-0.8183694654955989,-0.0604417429697569,-0.0604417429697569,-0.0604417429697569,0.0,0.0,0.0,0.0,0.0,0.0,0.0,0.0,0.0,0.0,0.0799975830375059,0.0,0.0,0.0,0.0799975830375059,0.0,0.0,0.0,0.0,0.0,0.1599951660750118,0.0,-0.8183694654955989,-0.9783646315706107,-0.0604417429697569,-0.0604417429697569,0.9826754855826939,5.884903826075143,0.2191977479030714,4.987099123078856,-1.0388063745403675,0.1599951660750118,-0.8788112084653557
